<!DOCTYPE mapper
    PUBLIC "-//mybatis.org//DTD Mapper 3.0//EN"
    "https://mybatis.org/dtd/mybatis-3-mapper.dtd">

<mapper namespace="item">
	<select id="getItem" resultType="hashMap">
		select * from item;
	</select>

	<insert id="insert" useGeneratedKeys="true"	keyProperty="id" parameterType="hashMap">
		insert into item(item_name,f_id,price)
		values(#{item_name},#{f_id},#{price});
	</insert>
	
	<select id="select_detail" parameterType="hashMap" resultType="hashMap">
		select * from item where id = #{id} 
	</select>
	
	<select id="modify" parameterType="hashMap">
		update item
			set f_id = #{f_id}, item_name=#{item_name},price=#{price}
		where id = #{id};
	</select>
	
	

</mapper>    