<?xml version="1.0" encoding="UTF-8"?>

<!-- 시큐리티 참고 https://huimang2.github.io/java/spring-legacy-security -->

<beans:beans xmlns="http://www.springframework.org/schema/security"
    xmlns:beans="http://www.springframework.org/schema/beans"
    xmlns:xsi="http://www.w3.org/2001/XMLSchema-instance"
    xsi:schemaLocation="http://www.springframework.org/schema/beans
    https://www.springframework.org/schema/beans/spring-beans.xsd
    http://www.springframework.org/schema/security 
    http://www.springframework.org/schema/security/spring-security.xsd"> 	
        
    <http auto-config="true" use-expressions="true">        
    	<intercept-url pattern="/create/**" access="isAuthenticated()"/>
        <intercept-url pattern="/modify/**" access="isAuthenticated()"/>
        <intercept-url pattern="/delete/**" access="isAuthenticated()"/>        
    	<!-- CSRF 보호 비활성화 -->
    	<csrf disabled="true"/>  
    	<form-login
            login-page="/login"
            login-processing-url="/login"
            username-parameter="email"
            password-parameter="user_psw" />      
    </http>


    <authentication-manager>
        <authentication-provider>
            <user-service>
                <user name="admin" password="{noop}admin" authorities="ROLE_ADMIN" />
                <user name="user" password="{noop}user" authorities="ROLE_USER" />
            </user-service>
        </authentication-provider>
    </authentication-manager>

</beans:beans>